filename,chroma_stft,rmse,spectral_centroid,spectral_bandwidth,rolloff,zero_crossing_rate,mfcc1,mfcc2,mfcc3,mfcc4,mfcc5,mfcc6,mfcc7,mfcc8,mfcc9,mfcc10,mfcc11,mfcc12,mfcc13,mfcc14,mfcc15,mfcc16,mfcc17,mfcc18,mfcc19,mfcc20,label
sleep_0.wav,0.2713485658168793,0.07647565007209778,2402.1314633030734,1776.1790162706054,4079.644775390625,0.19516782407407407,-294.24163818359375,89.88467407226562,-29.032949447631836,38.58287811279297,-24.32376480102539,17.849111557006836,-22.82920265197754,-8.394431114196777,-10.294968605041504,-5.284302711486816,-2.23699688911438,-18.70412254333496,-5.451009750366211,-8.138606071472168,-5.484472274780273,-1.8997163772583008,-3.507019519805908,-0.5226787328720093,4.371216297149658,-8.291257858276367,sleep
sleep_1.wav,0.3072371780872345,0.04231458157300949,2032.5502395210437,1885.686009049191,3738.104248046875,0.10012026186342593,-304.2778625488281,103.95413208007812,-14.04836368560791,40.11922073364258,2.166720390319824,1.1434732675552368,-16.1804256439209,3.1179018020629883,-9.26145076751709,-14.84393310546875,-2.9285051822662354,-4.403461456298828,-16.333492279052734,1.5775275230407715,-8.14919376373291,-6.093232154846191,-8.30259895324707,-4.641996383666992,-6.281065940856934,-4.651508808135986,sleep
sleep_10.wav,0.39924225211143494,0.048456985503435135,2292.3906460106455,2434.6956741411236,4361.171468098958,0.10236273871527778,-304.7641296386719,93.64813995361328,23.622238159179688,34.80339813232422,20.333694458007812,-0.09547287970781326,-10.629500389099121,-12.001025199890137,-12.302351951599121,-2.6885433197021484,-12.27645492553711,0.6914207935333252,-13.097039222717285,0.6780775785446167,-5.276999473571777,-0.9229943752288818,-9.732743263244629,1.3130148649215698,-9.995678901672363,1.8923884630203247,sleep
sleep_100.wav,0.3622532784938812,0.07313939183950424,2290.412105970927,2088.6378280891367,4105.564371744792,0.1299461082175926,-259.51190185546875,85.65238189697266,-5.156008243560791,38.50165939331055,16.908964157104492,-1.260661005973816,-20.959068298339844,-12.167054176330566,-12.77167797088623,-0.36953067779541016,-15.69333553314209,-0.4135158360004425,-7.608388423919678,2.551906108856201,-5.514102458953857,-1.107727289199829,-5.504983425140381,2.984121322631836,-10.50628662109375,1.2257436513900757,sleep
sleep_101.wav,0.3924935460090637,0.05708358809351921,2010.3534450072407,2071.011005009458,3571.4213053385415,0.09765172887731481,-276.361328125,102.57395935058594,15.059784889221191,41.735206604003906,15.330995559692383,-8.09111213684082,-18.46246910095215,-2.710488796234131,-9.340638160705566,-2.3070008754730225,-9.775697708129883,-0.8227011561393738,-9.798139572143555,-2.77001690864563,-6.257354736328125,0.9313587546348572,-10.08913803100586,4.983112812042236,-7.47175407409668,-1.0723994970321655,sleep
sleep_102.wav,0.4101656675338745,0.03871183097362518,2607.354572113581,2241.182374440916,4637.913004557292,0.13529007523148148,-298.2281799316406,76.56752014160156,-0.9243361949920654,36.910552978515625,13.052290916442871,1.3298954963684082,-14.578739166259766,-1.5640013217926025,-4.263811111450195,1.6696492433547974,-4.637857437133789,3.668856620788574,-2.8328051567077637,3.379502296447754,-4.541930198669434,1.34697425365448,-5.549716472625732,5.656452178955078,-9.272199630737305,0.3442474603652954,sleep
sleep_103.wav,0.46109282970428467,0.04132331907749176,2609.159689835256,2229.558539165828,4594.148763020833,0.15682418258101852,-289.1241149902344,76.98308563232422,8.455241203308105,41.27909851074219,13.167625427246094,-3.627112865447998,-20.23512077331543,-3.240915060043335,-9.213985443115234,-6.293149948120117,-9.059757232666016,1.5503932237625122,-12.981428146362305,-1.2978538274765015,-4.05210018157959,-3.298072576522827,-8.039706230163574,4.372768878936768,-11.79088306427002,1.819282054901123,sleep
sleep_104.wav,0.3955545425415039,0.031360916793346405,1945.5215207013473,2309.804832924413,3716.27197265625,0.08077437789351852,-380.3468322753906,105.64066314697266,19.544689178466797,33.28025817871094,31.80044937133789,-6.752463340759277,-12.867667198181152,0.6081528067588806,-6.053933620452881,-4.342219829559326,-9.648405075073242,0.4614448845386505,-7.839548110961914,-2.985792875289917,-2.2210071086883545,-2.908525228500366,-6.602435111999512,1.349625587463379,-8.747147560119629,1.7059365510940552,sleep
sleep_105.wav,0.42600277066230774,0.041063353419303894,1989.4970558821515,2201.3787431882706,3556.9661458333335,0.0956759982638889,-323.04693603515625,104.26616668701172,23.72439956665039,32.44630813598633,11.556927680969238,-2.7581558227539062,-14.98361587524414,-4.343910217285156,-13.059782981872559,-3.5342319011688232,-4.9640960693359375,0.2698139548301697,-4.485183238983154,2.7327463626861572,-4.410178184509277,-1.587515115737915,-7.650244235992432,2.055002212524414,-8.072312355041504,1.5363013744354248,sleep
sleep_106.wav,0.3900339901447296,0.05265261232852936,2009.4276982999054,1964.576088791405,3885.7462565104165,0.10795988859953703,-227.26634216308594,93.248779296875,-37.622947692871094,39.51581954956055,13.491320610046387,25.53347396850586,-23.97360610961914,-15.796238899230957,-9.67698860168457,9.027525901794434,-1.9452260732650757,-3.1676721572875977,-1.4521814584732056,10.405415534973145,2.63340425491333,1.98954176902771,-5.779017925262451,-1.798235535621643,-6.735042095184326,-7.707776069641113,sleep
sleep_107.wav,0.44641056656837463,0.07458491623401642,1973.1295511977587,2054.011092420047,4068.9778645833335,0.0942066333912037,-171.19895935058594,101.26526641845703,-32.20569610595703,31.962949752807617,-3.048308849334717,28.478431701660156,2.0325798988342285,3.7105417251586914,-11.760514259338379,-2.036527395248413,-6.352946758270264,0.7170559167861938,-2.5696160793304443,1.5272703170776367,-5.863790988922119,1.804905891418457,-1.524527907371521,4.808687686920166,-2.869260549545288,-4.000010013580322,sleep
sleep_108.wav,0.4737207293510437,0.11745492368936539,2090.258716566696,2029.3940789293583,4215.423583984375,0.10218189380787036,-83.22736358642578,103.68568420410156,-38.58522033691406,46.62726593017578,-5.601791858673096,14.578967094421387,-4.815094947814941,4.49144983291626,-0.30010315775871277,4.186929225921631,-5.753476619720459,2.566479206085205,-9.391371726989746,-3.625946521759033,-6.780995845794678,-3.0158815383911133,-10.827232360839844,-3.2837255001068115,-9.212010383605957,-8.455536842346191,sleep
sleep_11.wav,0.445535272359848,0.032388802617788315,2403.0327881756957,2340.9553851729474,4354.890950520833,0.1262885199652778,-308.764892578125,89.39085388183594,11.303386688232422,28.594650268554688,23.708755493164062,8.8016939163208,-17.606210708618164,-7.93575382232666,-6.50260066986084,1.2071564197540283,-2.7824556827545166,-0.919469952583313,-9.053991317749023,2.2882699966430664,-7.122964382171631,-1.723441243171692,-11.035966873168945,-0.4107019007205963,-9.486006736755371,1.0865569114685059,sleep
sleep_12.wav,0.4629359245300293,0.02939671277999878,2390.406247785496,2361.6973949630133,4337.14599609375,0.12459762008101852,-327.61114501953125,92.763916015625,12.123759269714355,30.125795364379883,20.167448043823242,-3.249368190765381,-12.904799461364746,-4.607610702514648,-3.8398122787475586,-2.150574207305908,-1.7200124263763428,0.20481941103935242,-9.16848373413086,7.9025349617004395,-7.425849437713623,-2.4607250690460205,-3.181159496307373,0.9451614022254944,-11.218421936035156,3.1010334491729736,sleep
sleep_13.wav,0.4427676200866699,0.04698445275425911,3179.2768481426415,2461.7081808741523,5845.267740885417,0.17851652922453703,-310.93804931640625,53.38713836669922,18.337533950805664,36.88125228881836,6.374480247497559,7.704695701599121,-14.821948051452637,-7.441169261932373,-6.654461860656738,0.8118739724159241,-9.256975173950195,-2.692408323287964,-7.616873264312744,2.089095115661621,-4.1924004554748535,0.15274342894554138,-9.662982940673828,5.035655975341797,-7.646599292755127,-2.421827793121338,sleep
sleep_14.wav,0.41590777039527893,0.04959242418408394,2392.9473503812414,2255.1791811362323,4233.866373697917,0.13413718894675927,-272.2007141113281,90.86386108398438,19.993925094604492,35.7160530090332,6.8001017570495605,-2.8664495944976807,-12.694954872131348,-7.644446849822998,-11.596311569213867,-1.8818190097808838,-3.236938238143921,-1.727111577987671,-12.013361930847168,1.9827345609664917,-2.180244207382202,-1.265066385269165,-12.874495506286621,5.014856815338135,-13.718372344970703,-0.96878981590271,sleep
sleep_15.wav,0.41989409923553467,0.04663696885108948,2524.9676117125027,2288.2099726705396,4605.613199869792,0.14940954137731483,-301.87506103515625,79.36646270751953,19.045791625976562,46.67863464355469,6.98309326171875,-9.615824699401855,-14.382673263549805,-9.317198753356934,-10.922380447387695,-3.0450148582458496,-8.183094024658203,-1.384403109550476,-8.436700820922852,6.330567359924316,-5.552511215209961,-0.8080471158027649,-8.430032730102539,2.801157236099243,-8.275801658630371,-2.2590172290802,sleep
sleep_16.wav,0.42952048778533936,0.0286420788615942,2575.51273294819,2221.640824017238,4541.71142578125,0.14697717737268517,-336.8196716308594,83.24569702148438,11.07105827331543,28.661991119384766,6.573648929595947,9.189784049987793,-9.603973388671875,-13.788189888000488,-4.228455543518066,2.578258752822876,-7.746184349060059,1.806401014328003,-8.3040132522583,-0.06589209288358688,-5.435535907745361,0.1541413962841034,-8.419234275817871,1.6900454759597778,-9.78798770904541,0.022324513643980026,sleep
sleep_17.wav,0.32691821455955505,0.03695397451519966,1907.5143531597248,1791.4441649728556,3283.7137858072915,0.10633228443287036,-327.1419372558594,116.29277801513672,-0.44038504362106323,18.095008850097656,2.959247350692749,5.023395538330078,-13.075763702392578,-4.683915138244629,-16.73501968383789,-9.842059135437012,-7.060184478759766,-1.2357797622680664,-10.942863464355469,-1.453514814376831,-8.396496772766113,0.6257506608963013,-10.781256675720215,-5.273605823516846,-6.025641441345215,-6.098690509796143,sleep
sleep_18.wav,0.35419392585754395,0.025468826293945312,1659.1910194036943,2059.772753730376,3481.500244140625,0.07189037181712964,-362.8943786621094,127.90875244140625,-2.67696475982666,18.960445404052734,17.29478645324707,-0.4066214859485626,-8.67190933227539,-0.3996310532093048,-11.23916244506836,-6.63079309463501,-1.3468865156173706,-1.2778732776641846,-13.546661376953125,-3.909696340560913,-7.668463706970215,-2.5495011806488037,-11.126012802124023,-2.999246120452881,-8.51444149017334,-0.5716919898986816,sleep
sleep_19.wav,0.34443965554237366,0.02652023173868656,1604.7931817115661,1913.9086047362257,3283.9131673177085,0.0711941189236111,-379.6419677734375,126.72118377685547,-10.195080757141113,26.01319694519043,13.050812721252441,-3.7106029987335205,-11.143089294433594,3.2466981410980225,-14.197532653808594,-10.93418025970459,1.594334363937378,-5.157608985900879,-13.049311637878418,-3.1722891330718994,-5.882906436920166,1.4376128911972046,-12.441383361816406,-6.662740707397461,-5.5886969566345215,-3.020827293395996,sleep
sleep_2.wav,0.3478553295135498,0.046336084604263306,1634.7300829692672,1700.3523488544708,3089.117431640625,0.08617259837962964,-317.2185974121094,136.87826538085938,-20.309932708740234,15.32119369506836,15.119256973266602,-1.4545576572418213,-13.406682014465332,-0.19638873636722565,-16.01910972595215,-15.793852806091309,-5.258991718292236,-0.6118142008781433,-9.050749778747559,2.3189923763275146,-10.344084739685059,-4.050125598907471,-4.502460956573486,-5.742079734802246,-8.811601638793945,2.3652689456939697,sleep
sleep_20.wav,0.37039241194725037,0.02892303466796875,2497.0369698823033,1934.556030414589,4408.524576822917,0.1495361328125,-298.2520751953125,89.40452575683594,-14.795594215393066,33.44767379760742,5.150522708892822,7.541625022888184,-17.07054328918457,0.41312655806541443,-14.987449645996094,-5.472479343414307,-2.8578715324401855,2.934725522994995,-16.100542068481445,1.80652916431427,-6.799654960632324,1.4218645095825195,-12.696226119995117,-2.3599493503570557,-8.012630462646484,-5.243877410888672,sleep
sleep_21.wav,0.4005303978919983,0.022956466302275658,1768.9816782126088,1784.7277028072567,3277.3335774739585,0.09388563368055555,-362.54498291015625,133.23660278320312,-17.847322463989258,7.4316534996032715,3.813559055328369,5.195679187774658,-10.898927688598633,-3.9843571186065674,-7.832412242889404,-5.155181884765625,-2.2373766899108887,4.3746256828308105,-8.835062980651855,-0.8143206834793091,-8.500264167785645,0.967915415763855,-7.965014934539795,-4.06712532043457,-7.692939281463623,-0.663625180721283,sleep
sleep_22.wav,0.38730403780937195,0.06509042531251907,2186.6004580955337,2035.035599920487,3770.0052897135415,0.10871039496527778,-263.5682067871094,103.01831817626953,7.987462997436523,25.24129867553711,14.750310897827148,-4.383117198944092,-9.506193161010742,-5.783630847930908,-13.068536758422852,-5.496487140655518,-12.42490005493164,0.32578301429748535,-8.39566421508789,-1.2571806907653809,-5.466361045837402,-0.7220905423164368,-11.346243858337402,2.1821513175964355,-10.877833366394043,-1.8398603200912476,sleep
sleep_23.wav,0.3798910975456238,0.0437983013689518,2282.2890587077522,2351.2070061397417,4183.522542317708,0.11112919560185185,-273.74468994140625,90.10935974121094,18.554813385009766,39.053653717041016,28.192602157592773,3.536308526992798,-12.949475288391113,-12.919974327087402,-9.68766975402832,-5.218099117279053,-10.101372718811035,4.24547815322876,-12.106049537658691,4.590480804443359,-5.855387210845947,-1.0813770294189453,-8.845511436462402,1.497994303703308,-8.902364730834961,1.5333601236343384,sleep
sleep_24.wav,0.3864525258541107,0.061298999935388565,2608.3383083249782,2295.9421463094236,4642.997233072917,0.13773600260416666,-289.1667785644531,76.74653625488281,3.80275821685791,32.28999328613281,20.838863372802734,5.748627662658691,-15.158699989318848,-18.33125877380371,-8.786971092224121,-0.560451090335846,-17.284385681152344,-1.4013773202896118,-9.72787094116211,3.3466317653656006,-5.007382392883301,0.6811991333961487,-6.246706008911133,2.76431941986084,-8.651973724365234,-1.1373028755187988,sleep
sleep_25.wav,0.3657635450363159,0.04659290239214897,2262.8323342199965,2367.2370425212225,4606.410725911458,0.0941478587962963,-326.4603271484375,81.76982879638672,20.668569564819336,52.58082580566406,21.820619583129883,-2.538055896759033,-13.405548095703125,1.2196236848831177,-7.233852386474609,-5.645044326782227,-7.088289737701416,-2.4302217960357666,-11.786412239074707,1.1578949689865112,-9.068922996520996,-2.285409927368164,-9.421907424926758,2.0751965045928955,-10.618293762207031,-4.949898719787598,sleep
sleep_26.wav,0.41109612584114075,0.05244771018624306,2060.371058362127,2140.249331142789,3729.2317708333335,0.09427897135416667,-285.343017578125,104.18260192871094,11.223803520202637,31.79811668395996,12.570478439331055,2.022132635116577,-14.06607723236084,-7.507012844085693,-10.281339645385742,-2.169097900390625,-5.91077995300293,2.171380043029785,-8.861172676086426,0.9573792219161987,-4.834716796875,-2.6155412197113037,-8.573068618774414,2.8683602809906006,-12.932121276855469,-1.3613684177398682,sleep
sleep_27.wav,0.42526763677597046,0.034742653369903564,2332.546675491321,2406.8415576425928,4508.21533203125,0.10160771122685185,-365.1560363769531,84.67896270751953,25.048315048217773,45.53989028930664,26.72768783569336,-3.579031467437744,-11.831032752990723,-0.9060531854629517,-8.954206466674805,-9.784193992614746,-8.684593200683594,-0.3196038007736206,-11.621465682983398,1.5966296195983887,-5.889392375946045,0.4790010154247284,-3.7351608276367188,1.0225142240524292,-8.674409866333008,-2.6578152179718018,sleep
sleep_28.wav,0.42098355293273926,0.03250335901975632,2234.3787689620794,2351.2005601190867,4027.4068196614585,0.11616572627314815,-327.05364990234375,100.2831039428711,7.211700439453125,21.150558471679688,22.204334259033203,0.5875173211097717,-15.54341983795166,-9.104917526245117,-5.217728137969971,-0.9349768757820129,-5.344417572021484,0.5704177021980286,-7.060863971710205,2.6181185245513916,-3.0284669399261475,-3.2769007682800293,-3.9324262142181396,0.5038338303565979,-14.454124450683594,1.731907606124878,sleep
sleep_29.wav,0.41662412881851196,0.04154191538691521,2690.0919192488127,2472.309356974041,5111.643473307292,0.13096788194444445,-278.38140869140625,68.55535888671875,21.29819107055664,42.22494888305664,22.925891876220703,7.583600044250488,-17.520986557006836,-5.271430492401123,-4.867059230804443,-7.769866943359375,-10.096735000610352,3.336118698120117,-12.691390037536621,3.0120489597320557,-10.379952430725098,2.21453857421875,-10.437427520751953,2.3047125339508057,-10.46442699432373,1.0684056282043457,sleep
sleep_3.wav,0.345825731754303,0.04593244194984436,1769.0529905359524,1726.0488751902371,3173.5555013020835,0.09765172887731481,-296.4822082519531,126.50203704833984,-22.376583099365234,25.54505157470703,14.84099292755127,-0.6953312754631042,-11.851069450378418,-1.4679069519042969,-15.64217472076416,-12.63521957397461,1.0740658044815063,-0.07681101560592651,-17.20577049255371,-1.8432847261428833,-5.921192169189453,-0.04073810577392578,-8.300386428833008,-6.72562837600708,-7.508756637573242,-2.3012137413024902,sleep
sleep_30.wav,0.38750284910202026,0.0421782061457634,2151.325255029922,1877.1182679182605,3804.5979817708335,0.1163330078125,-310.0799255371094,105.66869354248047,-21.382246017456055,24.145986557006836,4.959291458129883,0.19922815263271332,-10.696820259094238,-4.847721099853516,-10.420914649963379,-3.4382095336914062,3.628732681274414,-4.013499736785889,-13.295772552490234,1.0288177728652954,-9.727489471435547,-1.5996665954589844,-6.036798477172852,-4.3378448486328125,-10.339778900146484,-1.1672405004501343,sleep
sleep_31.wav,0.35874953866004944,0.04726054519414902,1718.3704302467172,1715.4199709059033,3306.842041015625,0.08603696469907407,-288.6780700683594,137.27981567382812,-39.03156280517578,9.369081497192383,0.22714532911777496,1.1239609718322754,-13.961028099060059,4.275282859802246,-13.660484313964844,-11.875069618225098,8.990889549255371,-2.0312013626098633,-15.112504959106445,-0.8921450972557068,-13.408093452453613,-4.650920867919922,-9.655640602111816,-6.410412788391113,-5.0352864265441895,-3.471662759780884,sleep
sleep_32.wav,0.34446799755096436,0.04642632231116295,2205.4374854681264,1901.4230684346371,3975.9663899739585,0.12532552083333334,-273.162353515625,105.20687866210938,-16.096540451049805,26.88335418701172,5.485903739929199,1.3883707523345947,-15.029671669006348,-4.015127182006836,-16.090707778930664,-12.836016654968262,-5.822463512420654,1.0333857536315918,-15.767566680908203,0.731448769569397,-10.93178939819336,1.0500305891036987,-7.938904285430908,-4.697166919708252,-8.183992385864258,-1.4986885786056519,sleep
sleep_33.wav,0.3552192449569702,0.04339628666639328,2195.1446234092873,1908.4405437639577,4045.25146484375,0.12212456597222222,-290.5216064453125,103.2049331665039,-14.819818496704102,30.410078048706055,4.195079803466797,5.179320812225342,-12.19446849822998,-0.3589252233505249,-12.789695739746094,-14.44703197479248,-4.3094096183776855,-2.6994519233703613,-14.684271812438965,1.7665854692459106,-9.789177894592285,0.7550941705703735,-10.413924217224121,-7.117831230163574,-6.500459671020508,-1.5633447170257568,sleep
sleep_34.wav,0.35167378187179565,0.05217042192816734,1773.6507332563413,1711.1085122332747,3278.9286295572915,0.08936451099537036,-292.1882629394531,126.76586151123047,-26.983823776245117,23.228063583374023,0.7270688414573669,-4.289088726043701,-13.474611282348633,1.958130121231079,-11.634169578552246,-12.775071144104004,0.184530571103096,-3.601813316345215,-11.646899223327637,1.4502323865890503,-10.652323722839355,-4.617875576019287,-11.854077339172363,-7.956267833709717,-8.457225799560547,-2.1266024112701416,sleep
sleep_35.wav,0.37882956862449646,0.046449676156044006,2397.3443745244203,1992.94328569519,4405.832926432292,0.12794777199074073,-267.3121032714844,94.67910766601562,-20.645353317260742,31.989259719848633,3.4355921745300293,7.4075927734375,-16.680795669555664,-0.5146154761314392,-14.108710289001465,-10.477070808410645,-2.137324810028076,-2.2558047771453857,-14.336539268493652,0.15418021380901337,-11.94172191619873,-0.5357615947723389,-9.785050392150879,-4.048076152801514,-7.093898773193359,-1.6384642124176025,sleep
sleep_36.wav,0.35935208201408386,0.03341885283589363,2333.5864394370083,1881.2812686276634,4103.969319661458,0.13337764033564814,-338.7340393066406,94.61709594726562,-17.60813331604004,34.72288131713867,15.668980598449707,1.4508581161499023,-13.291428565979004,-2.485062837600708,-13.071887969970703,-7.920138835906982,-5.679272651672363,-4.4277424812316895,-13.032248497009277,2.771885871887207,-9.16466999053955,0.8959000110626221,-8.51410961151123,-4.569726943969727,-6.707747459411621,-1.8339293003082275,sleep
sleep_37.wav,0.35612064599990845,0.058435339480638504,1860.46884428542,1840.380032273229,3302.5553385416665,0.09619140625,-272.932373046875,117.85823822021484,-16.86134910583496,24.295686721801758,17.384124755859375,1.7537636756896973,-8.578883171081543,-8.255716323852539,-12.182317733764648,-4.770623683929443,-7.947511672973633,-5.915539741516113,-14.905577659606934,-3.5235748291015625,-10.539509773254395,-0.05495934188365936,-10.183720588684082,-1.0180600881576538,-7.594725608825684,-0.1122405081987381,sleep
sleep_38.wav,0.3969607949256897,0.032084692269563675,2080.0649957084456,2534.4292831895823,4231.174723307292,0.07935926649305555,-309.7516174316406,106.49039459228516,30.400636672973633,25.16926383972168,26.741304397583008,-2.2879579067230225,-11.365822792053223,-7.188784599304199,-10.879362106323242,-3.0415897369384766,-6.995997905731201,5.497806549072266,-9.315670013427734,5.871479034423828,-7.355621814727783,-1.0514960289001465,-5.869424343109131,1.0634126663208008,-11.289756774902344,2.5630037784576416,sleep
sleep_39.wav,0.40460479259490967,0.05250519886612892,2230.060850420922,2132.100613722194,4198.276774088542,0.11740903501157407,-251.18634033203125,103.53329467773438,-16.72591781616211,21.175371170043945,11.903974533081055,-7.082244873046875,-19.646682739257812,-4.893326759338379,-9.454593658447266,1.0843759775161743,-2.5082173347473145,0.8465353846549988,-8.574102401733398,-0.26240864396095276,-8.379576683044434,-1.911058783531189,-12.391365051269531,-1.8137688636779785,-7.681885719299316,-2.4585964679718018,sleep
sleep_4.wav,0.339303582906723,0.03381995111703873,1626.2756241062752,1781.8343895821804,3039.471435546875,0.06934497974537036,-328.05218505859375,121.87814331054688,-15.150175094604492,38.72246170043945,22.514509201049805,0.027862107381224632,-12.574337005615234,-0.6175667643547058,-15.281249046325684,-8.210485458374023,-4.422428131103516,-5.242560386657715,-13.300858497619629,1.2152975797653198,-9.776515007019043,1.310659646987915,-10.750096321105957,-4.764110088348389,-5.491464138031006,-2.865840435028076,sleep
sleep_40.wav,0.3418388366699219,0.06732067465782166,2161.7991056659985,2108.3694797629046,3984.0413411458335,0.11639178240740741,-301.87408447265625,87.76078796386719,5.794400215148926,36.97301483154297,14.450263023376465,-1.1545218229293823,-12.897828102111816,-9.930556297302246,-15.279228210449219,-3.7719547748565674,-15.219757080078125,-4.93583869934082,-10.249019622802734,-5.782246112823486,-4.719959735870361,0.8116282820701599,-8.146408081054688,-0.7267940640449524,-8.372274398803711,-0.5794408321380615,sleep
sleep_41.wav,0.4134722054004669,0.05957447737455368,2355.7047942235604,2217.82805566785,4353.794352213542,0.1300998263888889,-312.4306945800781,91.65717315673828,21.761301040649414,23.49702262878418,-1.3499939441680908,-1.5329996347427368,-11.54509162902832,-1.171010136604309,-12.265580177307129,-5.923180103302002,-10.746512413024902,-3.134746789932251,-7.825020790100098,-4.1549153327941895,-4.843770980834961,-2.4919040203094482,-6.167984962463379,1.5774818658828735,-7.232723712921143,-0.5948121547698975,sleep
sleep_42.wav,0.3341370224952698,0.05969101935625076,1760.5528752363157,2129.9957884795485,3564.5426432291665,0.06901945891203703,-291.0164794921875,107.92711639404297,3.756143808364868,38.303653717041016,21.543500900268555,-3.2477524280548096,-14.65341567993164,-4.465500831604004,-9.414960861206055,-10.856473922729492,-15.960217475891113,-6.9591064453125,-12.419742584228516,-2.301121950149536,-6.833846092224121,-0.5045350193977356,-6.7497100830078125,2.2570791244506836,-10.169780731201172,-0.4946020543575287,sleep
sleep_43.wav,0.4096718430519104,0.03893674910068512,2043.090558116489,2153.155810791657,3668.5201009114585,0.08872251157407407,-315.1073913574219,102.33029174804688,17.907838821411133,37.84141159057617,21.312772750854492,3.378077507019043,-11.307621955871582,-4.682234764099121,-4.052938461303711,-4.04344367980957,-10.868158340454102,-0.8779488205909729,-11.487275123596191,-0.388945609331131,-5.282603740692139,-1.6289466619491577,-7.856287479400635,2.496948003768921,-10.683371543884277,3.0007479190826416,sleep
sleep_44.wav,0.37148430943489075,0.05206146091222763,1746.5321715240207,2163.9507326947023,3167.7734375,0.0745849609375,-322.9897155761719,119.44338989257812,18.8222713470459,18.756744384765625,12.805161476135254,-8.441520690917969,-8.129433631896973,-7.212474822998047,-14.059062957763672,-3.131798028945923,-8.479997634887695,2.0866520404815674,-7.669665336608887,-0.351789265871048,-2.534562110900879,-5.107790470123291,-3.8574748039245605,0.3795279264450073,-13.857476234436035,2.9946324825286865,sleep
sleep_45.wav,0.4021400213241577,0.052323680371046066,2702.0967267726955,2282.0375221488507,4853.245035807292,0.1546088324652778,-297.94818115234375,72.64335632324219,10.028275489807129,33.98255920410156,10.748848915100098,0.9469403028488159,-18.954727172851562,-4.880608558654785,-10.117283821105957,-1.2104767560958862,-10.81269359588623,0.24581950902938843,-8.173477172851562,2.1227428913116455,-4.192904949188232,0.4465932548046112,-5.101980209350586,2.621234178543091,-8.296345710754395,1.641442060470581,sleep
sleep_46.wav,0.430074006319046,0.047281477600336075,2292.211988854818,2436.5037534202165,4419.889322916667,0.10750777633101852,-277.5560607910156,93.82046508789062,15.260826110839844,31.319223403930664,26.92900848388672,-10.07956314086914,-14.110947608947754,-4.988431453704834,-8.642821311950684,-4.375940322875977,-14.284262657165527,5.950815200805664,-11.54263973236084,-0.7923436164855957,-6.662301540374756,-3.6146316528320312,-8.013646125793457,1.6816645860671997,-10.22004508972168,4.754537582397461,sleep
sleep_47.wav,0.3567436635494232,0.06023922562599182,2034.2058028036374,2155.040839879163,3576.007080078125,0.09455023871527778,-263.374267578125,110.70897674560547,16.252975463867188,21.773725509643555,10.204941749572754,-7.351498126983643,-18.83290672302246,-13.217331886291504,-8.546968460083008,-6.201291561126709,-5.078784465789795,-2.0611202716827393,-9.340372085571289,-3.213275194168091,-4.625931262969971,-3.7553722858428955,-8.590030670166016,5.3989105224609375,-15.55989933013916,2.4630661010742188,sleep
sleep_48.wav,0.3963356018066406,0.06207776069641113,1764.464630326531,2199.2943037456394,3283.514404296875,0.0720486111111111,-243.18597412109375,126.17391204833984,11.835474014282227,10.879815101623535,0.6855778098106384,-9.912176132202148,-11.464496612548828,-6.5511698722839355,-7.600553035736084,-5.375674247741699,-5.267761707305908,0.6287200450897217,-6.111258029937744,0.07222089171409607,-8.794445991516113,-2.4599416255950928,-13.059670448303223,2.357172727584839,-12.372218132019043,1.5318810939788818,sleep
sleep_49.wav,0.3749352693557739,0.05522657185792923,2324.5082179883016,2403.0204467767953,4585.3759765625,0.10304090711805555,-232.21217346191406,97.3357925415039,7.233974933624268,15.433323860168457,6.27412223815918,-10.621710777282715,-18.804550170898438,-2.0498459339141846,-12.547245025634766,-0.7249816060066223,0.06454584002494812,1.945655345916748,-8.924949645996094,-0.03207193315029144,-2.2885217666625977,-0.2949059009552002,-12.672310829162598,6.6255927085876465,-15.063045501708984,-2.0519073009490967,sleep
sleep_5.wav,0.41039663553237915,0.02305729314684868,1950.09678873497,1996.6007333652265,3806.4921061197915,0.0916476779513889,-376.4607849121094,113.30558013916016,-9.927474021911621,30.10438346862793,9.772597312927246,7.250972270965576,-7.595407485961914,3.075875759124756,-9.360671043395996,-4.4823713302612305,-2.620628595352173,-2.5295472145080566,-10.370292663574219,-1.7357614040374756,-7.883640289306641,2.580535650253296,-6.71912145614624,-2.890275239944458,-4.815181255340576,-1.178380012512207,sleep
sleep_50.wav,0.43267789483070374,0.04556157439947128,2056.7203576772376,2293.9228356022018,4030.89599609375,0.09417950665509259,-270.0163879394531,110.14971160888672,0.9900045990943909,11.568450927734375,15.630887985229492,-4.499261856079102,-15.437726020812988,-6.847136974334717,-11.868487358093262,1.9180498123168945,-4.36644983291626,0.3315170407295227,-10.05276870727539,0.1300269216299057,-3.357025623321533,0.4542998969554901,-8.995810508728027,3.5415940284729004,-14.605916023254395,0.8639659881591797,sleep
sleep_51.wav,0.44285064935684204,0.04909008368849754,2153.2014911939286,2127.1002197333837,4008.5652669270835,0.11224139178240741,-305.5744323730469,99.82621765136719,-10.631444931030273,23.53138542175293,12.188587188720703,1.7732521295547485,-14.830975532531738,-11.28441047668457,-8.792827606201172,-1.1673429012298584,-6.867517471313477,-2.5944149494171143,-6.2083964347839355,-1.0597420930862427,-4.079868316650391,0.28830045461654663,-9.376368522644043,1.1167782545089722,-8.079726219177246,-1.1143150329589844,sleep
sleep_52.wav,0.5007414817810059,0.02964581362903118,3203.027679885455,2609.8817147290024,6104.762776692708,0.1749810112847222,-385.4916687011719,50.11579513549805,21.151430130004883,38.72347640991211,11.48349380493164,11.923653602600098,-8.422585487365723,-1.6352441310882568,-1.1645350456237793,-0.029504355043172836,-7.116650581359863,1.5494837760925293,-9.867429733276367,1.4165616035461426,-2.938223361968994,-1.8233839273452759,-5.3279500007629395,5.105236530303955,-3.407668113708496,-0.7007282376289368,sleep
sleep_53.wav,0.3473825752735138,0.06819113343954086,2211.437119897054,2121.74682899563,4078.5481770833335,0.1162380642361111,-300.1748046875,78.79678344726562,8.551050186157227,40.996952056884766,11.761816024780273,0.10105422884225845,-15.63187026977539,-2.089264392852783,-12.123405456542969,-4.07606840133667,-8.490766525268555,-6.526072978973389,-10.367588996887207,-3.1218323707580566,-7.130364894866943,-0.7846404910087585,-5.106200218200684,2.160255193710327,-9.561663627624512,-0.11713596433401108,sleep
sleep_54.wav,0.4457157850265503,0.057091124355793,3058.7649884287375,2219.4313989994344,5060.103352864583,0.19126609519675927,-265.5345764160156,61.07782745361328,21.151548385620117,35.278682708740234,3.7919375896453857,1.891183614730835,-17.04191017150879,-4.755767822265625,-8.738140106201172,-0.5589796304702759,-8.007573127746582,-0.4677582383155823,-9.80814266204834,-0.26714223623275757,-7.493026256561279,-4.241705894470215,-10.513625144958496,4.515341758728027,-11.501558303833008,-0.13672660291194916,sleep
sleep_55.wav,0.42717790603637695,0.0450018085539341,2483.3516167123194,2234.261744349396,4322.1923828125,0.15653483072916666,-302.2887878417969,90.71001434326172,18.617015838623047,27.698776245117188,13.135947227478027,1.8806511163711548,-16.33055305480957,-12.536330223083496,-9.09996223449707,-3.074516534805298,-4.343529224395752,-1.3596316576004028,-11.441452980041504,2.4612808227539062,-3.04276442527771,-1.6602421998977661,-7.2936625480651855,3.0049290657043457,-12.299741744995117,0.29046911001205444,sleep
sleep_56.wav,0.4529225528240204,0.04970903322100639,2532.4276264447176,2405.26692119581,4832.010904947917,0.13095883969907407,-297.16217041015625,83.38603973388672,17.9573917388916,31.963855743408203,11.74649429321289,4.900262832641602,-18.112327575683594,-8.967665672302246,-9.529969215393066,-2.4300127029418945,-6.4505228996276855,-0.13192635774612427,-8.543715476989746,1.2962701320648193,-4.106653213500977,-3.4531774520874023,-9.435367584228516,4.4236345291137695,-10.581572532653809,-0.6056021451950073,sleep
sleep_57.wav,0.45889291167259216,0.04682155326008797,2589.376941183575,2408.638694373233,4938.380940755208,0.14199037905092593,-330.9841613769531,70.22750854492188,12.959770202636719,39.76418685913086,17.022611618041992,-3.9455978870391846,-16.597902297973633,-3.243384838104248,-8.794256210327148,0.3048848807811737,-10.451025009155273,-0.7675706148147583,-8.175989151000977,0.4991344213485718,-4.909261703491211,-2.3855395317077637,-5.955967426300049,3.9654879570007324,-7.8773193359375,-1.7623376846313477,sleep
sleep_58.wav,0.4246129095554352,0.05271053686738014,2814.7896415313035,2222.693962843409,4770.601399739583,0.16159848813657407,-283.398681640625,55.18400955200195,3.048755407333374,54.49766159057617,25.53125762939453,-4.2590413093566895,-22.600757598876953,-2.7523090839385986,-8.705883026123047,-3.863717555999756,-16.161680221557617,-1.032143473625183,-11.977672576904297,-1.2013850212097168,-7.747336387634277,-1.804921269416809,-7.7842841148376465,5.133570194244385,-9.557502746582031,0.3241221010684967,sleep
sleep_59.wav,0.39343446493148804,0.07154374569654465,1959.6487589350506,2054.4734684283167,3505.426025390625,0.10735857928240741,-267.644775390625,103.20731353759766,7.0442986488342285,37.07807540893555,26.13784408569336,-4.959349632263184,-17.76093292236328,-7.403751850128174,-14.677216529846191,-6.948550224304199,-14.85174560546875,-4.212834358215332,-8.443354606628418,-2.3675036430358887,-6.450074195861816,1.1825370788574219,-7.2022552490234375,3.564955711364746,-9.384973526000977,0.8653842210769653,sleep
sleep_6.wav,0.3448740541934967,0.038304850459098816,1672.6871783332479,1701.0244504786538,3159.100341796875,0.08800817418981481,-336.1884460449219,134.0342559814453,-15.41190242767334,25.83502960205078,19.90175437927246,-4.559703350067139,-14.859116554260254,1.0643821954727173,-21.728443145751953,-12.530512809753418,3.2747628688812256,-1.7016817331314087,-12.752803802490234,-0.14603222906589508,-7.815245628356934,-1.09903085231781,-5.9358062744140625,-7.390311241149902,-7.940554141998291,-1.5849770307540894,sleep
sleep_60.wav,0.4072647988796234,0.03988264128565788,2160.901123918415,2222.0764616311512,3985.9354654947915,0.1026927806712963,-300.3810729980469,100.82374572753906,19.087852478027344,31.743953704833984,10.656375885009766,-5.058009624481201,-13.846644401550293,0.06745025515556335,-8.712895393371582,0.6839083433151245,-8.28267765045166,-0.13395142555236816,-13.26889705657959,2.4517440795898438,-3.5836384296417236,-4.672993183135986,-7.773942947387695,3.0797057151794434,-12.554512977600098,0.9133787751197815,sleep
sleep_61.wav,0.4241302013397217,0.0513082817196846,1881.0676861679644,2351.884477651699,3583.9823404947915,0.07158745659722222,-263.8172302246094,111.13018035888672,6.540017127990723,30.226022720336914,27.636184692382812,-11.356632232666016,-21.558837890625,-12.432753562927246,-3.008920431137085,-2.28084135055542,-10.566740989685059,5.802581310272217,-9.967442512512207,2.8399698734283447,-6.715671539306641,-4.553836822509766,-9.060946464538574,2.442636489868164,-12.183104515075684,4.736817836761475,sleep
sleep_62.wav,0.4451204836368561,0.025509430095553398,2268.698705423238,2289.1386325374515,4257.393391927083,0.12284794560185185,-332.37249755859375,93.74313354492188,-1.6693748235702515,26.516855239868164,20.652082443237305,-0.8775355219841003,-19.7109375,0.39449232816696167,-3.5344040393829346,1.1581882238388062,-0.8774657249450684,-0.044385023415088654,-7.073516845703125,-1.7383623123168945,-4.85570764541626,-0.28684771060943604,-7.900203227996826,1.898244023323059,-10.648024559020996,1.7336632013320923,sleep
sleep_63.wav,0.4032171368598938,0.05912814289331436,2090.6890410244864,2192.8135892105724,3906.3822428385415,0.09476725260416667,-285.3116760253906,104.76848602294922,2.252551555633545,24.365236282348633,11.715599060058594,-6.261491775512695,-14.15233325958252,-7.140026092529297,-8.4301118850708,0.18690042197704315,-7.668858051300049,-1.5600931644439697,-7.233805179595947,-2.0162854194641113,-5.288758277893066,-3.3827908039093018,-8.720438003540039,3.8353006839752197,-13.028912544250488,-0.6462482810020447,sleep
sleep_64.wav,0.4815625846385956,0.03675459325313568,3236.282432058761,2260.614833929639,5415.201822916667,0.200927734375,-339.8642272949219,52.34932327270508,8.863924980163574,26.83310890197754,6.104836463928223,11.038022994995117,-18.604360580444336,-5.151636123657227,-1.3504891395568848,0.15333975851535797,-1.5253435373306274,-1.8588218688964844,-6.158084392547607,1.6909806728363037,-4.615710735321045,-3.0090043544769287,-7.280439376831055,5.791598796844482,-7.070321559906006,-0.17675988376140594,sleep
sleep_65.wav,0.3967631757259369,0.061899565160274506,2106.0359805037706,2165.6738112889066,3970.9818522135415,0.1036060474537037,-302.5607604980469,93.97969818115234,4.309059143066406,34.153656005859375,17.4069881439209,-3.58853816986084,-18.96712303161621,-6.21342134475708,-13.929157257080078,-4.201697826385498,-7.023691177368164,-1.3245021104812622,-8.875646591186523,-2.7192935943603516,-4.7086005210876465,-5.084108829498291,-9.110547065734863,4.837063312530518,-9.080020904541016,-0.09817606210708618,sleep
sleep_66.wav,0.3851681351661682,0.052094172686338425,2345.3565011332253,2156.4736853790655,4048.9400227864585,0.11359320746527778,-267.3800048828125,80.74042510986328,17.449865341186523,51.46529769897461,20.391849517822266,-1.254822850227356,-18.36417579650879,-8.237456321716309,-12.780845642089844,-0.7446333765983582,-9.515908241271973,1.827337622642517,-16.564918518066406,-1.9914155006408691,-6.071861743927002,-4.872757434844971,-11.802305221557617,7.436193943023682,-12.66114330291748,-1.4755768775939941,sleep
sleep_67.wav,0.45452889800071716,0.03951875492930412,1920.8940612263348,2107.9517162749735,3454.8828125,0.09263780381944445,-338.42132568359375,116.19634246826172,6.260684967041016,21.783761978149414,11.771295547485352,-1.9476922750473022,-14.748002052307129,-8.944215774536133,-4.04245662689209,-5.857492446899414,-2.950841188430786,-0.2314319908618927,-5.860848903656006,0.11377468705177307,-7.407311916351318,-1.8323371410369873,-8.760847091674805,0.4377666115760803,-10.079805374145508,-2.7694032192230225,sleep
sleep_68.wav,0.4103623330593109,0.061195749789476395,2614.284170775878,2244.4282044924357,4631.233723958333,0.1399558738425926,-278.2304992675781,71.90546417236328,14.368678092956543,39.684600830078125,9.096487998962402,2.6912219524383545,-21.436540603637695,3.3333048820495605,-7.430206775665283,-4.638784885406494,-4.262893199920654,0.2619413733482361,-12.164459228515625,0.5035349726676941,-4.043877601623535,-6.606020927429199,-9.90914535522461,4.304317474365234,-8.155294418334961,0.21884480118751526,sleep
sleep_69.wav,0.37299656867980957,0.07341621816158295,1857.1830148265274,2021.3469426837812,3509.1145833333335,0.073974609375,-244.39625549316406,99.80088806152344,2.6549618244171143,52.20737075805664,24.373252868652344,-1.4633209705352783,-19.42922019958496,-8.53847599029541,-12.423638343811035,-5.228207111358643,-12.824931144714355,-5.795834541320801,-11.935108184814453,-3.975425958633423,-7.67481803894043,-1.794800043106079,-8.80007553100586,4.899399757385254,-9.395140647888184,-0.3627265989780426,sleep
sleep_7.wav,0.3732992708683014,0.07346372306346893,2131.843346267888,2174.0453639998454,4028.0049641927085,0.10032371238425926,-228.6254119873047,96.78148651123047,-4.7012224197387695,42.48905563354492,14.325875282287598,-4.937899589538574,-16.788562774658203,-12.655638694763184,-14.8585205078125,-0.8177827000617981,-17.902450561523438,-0.26017892360687256,-9.97500228881836,-3.409391403198242,-6.721022605895996,1.4779318571090698,-9.942292213439941,6.783351421356201,-13.605082511901855,-1.0573378801345825,sleep
sleep_70.wav,0.4089038372039795,0.05514935031533241,2204.033405025106,2016.1830549295887,3842.5801595052085,0.11566840277777778,-288.79266357421875,96.94891357421875,8.5097074508667,36.23937225341797,12.006011962890625,4.082943439483643,-10.871743202209473,-9.414889335632324,-10.473169326782227,0.09311416745185852,-6.456894874572754,-0.27636438608169556,-8.558927536010742,-2.395200729370117,-7.749117374420166,-2.2933077812194824,-6.242105484008789,1.3873186111450195,-10.450186729431152,1.010385274887085,sleep
sleep_71.wav,0.40357890725135803,0.05278913676738739,2455.513385456006,2177.068927545837,4464.750162760417,0.14033112702546297,-272.7224426269531,73.08956146240234,2.1457040309906006,48.85844039916992,15.519831657409668,4.978534698486328,-19.21405029296875,-10.594244956970215,-10.78610897064209,-0.3507187068462372,-7.832885265350342,-1.8833204507827759,-10.060168266296387,2.1839513778686523,-5.3678436279296875,-3.7795681953430176,-6.807990550994873,3.0655367374420166,-9.965263366699219,-2.5022480487823486,sleep
sleep_72.wav,0.3972499966621399,0.04776200279593468,1959.540231431428,2205.244227204799,3780.4728190104165,0.08799461082175926,-291.249267578125,100.53681945800781,2.8647005558013916,34.909061431884766,24.03790283203125,3.64589786529541,-13.62785816192627,-2.56065034866333,-8.035040855407715,-6.616208076477051,-8.269712448120117,-0.12475782632827759,-8.284775733947754,-4.52435827255249,-9.552777290344238,-0.7661440968513489,-8.250479698181152,-0.8758419156074524,-8.476153373718262,-1.2773362398147583,sleep
sleep_73.wav,0.44897177815437317,0.01823178119957447,2697.1148304405933,2396.6107936077037,5045.448811848958,0.1543872974537037,-383.1211242675781,74.42575073242188,-1.076478123664856,31.57661247253418,14.095394134521484,6.527884483337402,-12.20391845703125,-7.958844184875488,-4.478254318237305,-1.597760558128357,-4.67454195022583,0.09092521667480469,-3.1274900436401367,1.624765157699585,-4.865901947021484,1.8889294862747192,-2.558680534362793,3.7745838165283203,-4.047813415527344,-0.18906167149543762,sleep
sleep_74.wav,0.4615592956542969,0.029254339635372162,3214.0111860229595,2474.764165659785,5785.951741536458,0.17589879918981483,-375.02911376953125,43.33723831176758,23.010087966918945,47.46518325805664,15.352803230285645,4.726047039031982,-18.321889877319336,-1.8350952863693237,-3.4828200340270996,-3.2960832118988037,-9.59630012512207,0.1959230750799179,-7.689709663391113,0.03241879865527153,-7.454807758331299,-1.5111901760101318,-5.916532516479492,4.488801002502441,-6.784636974334717,0.029419217258691788,sleep
sleep_75.wav,0.36103883385658264,0.04909181967377663,1975.846701352458,2225.948809817294,3831.6141764322915,0.08550347222222222,-312.77423095703125,96.064697265625,17.24257469177246,42.64514923095703,29.570201873779297,-4.359472751617432,-12.244393348693848,-3.828768730163574,-8.815957069396973,-1.8577719926834106,-10.333701133728027,2.7612576484680176,-8.412114143371582,-2.4803004264831543,-7.459725379943848,-1.2172589302062988,-3.993718385696411,4.5985426902771,-10.946965217590332,3.965331554412842,sleep
sleep_76.wav,0.44459494948387146,0.04762737452983856,2143.88493592931,2182.700675091638,4018.7337239583335,0.11803747106481481,-342.609130859375,99.22706604003906,2.4230563640594482,18.80074119567871,6.873264789581299,-1.2675198316574097,-11.211878776550293,3.843468189239502,-8.09477710723877,2.487365484237671,-3.1741573810577393,0.15147103369235992,-3.9336040019989014,-4.786920070648193,0.18435418605804443,0.7843813300132751,-6.93895959854126,3.737215042114258,-6.211355209350586,0.569669246673584,sleep
sleep_77.wav,0.46198132634162903,0.04113471135497093,3286.077709186922,2501.4522136021696,5959.712727864583,0.18449797453703703,-358.45196533203125,45.687255859375,17.639698028564453,36.978153228759766,11.560229301452637,11.861827850341797,-8.862669944763184,-3.124898672103882,-3.443959951400757,0.13140137493610382,-8.568939208984375,0.8580950498580933,-6.7456793785095215,-0.46273550391197205,-5.080905914306641,-1.4129077196121216,-5.242055416107178,2.202550172805786,-4.99582576751709,-0.8937827944755554,sleep
sleep_78.wav,0.37877729535102844,0.07338891178369522,2023.0113435725389,2065.7564717826567,3468.5404459635415,0.09954155815972222,-235.2579803466797,108.52788543701172,22.19363021850586,26.724096298217773,2.9118945598602295,-4.438682556152344,-11.23806381225586,-5.079324722290039,-18.983064651489258,-1.2684763669967651,-8.639497756958008,4.953114986419678,-7.45398473739624,-7.021806716918945,-6.512247085571289,-1.677790641784668,-13.886017799377441,1.39491868019104,-9.799086570739746,-0.6711106300354004,sleep
sleep_79.wav,0.45183253288269043,0.031067442148923874,2693.5537718272617,2363.5786513123658,4890.828450520833,0.14934172453703703,-322.1131286621094,69.66488647460938,11.91029167175293,44.74088668823242,21.80666160583496,6.056313514709473,-19.006420135498047,-4.6209635734558105,-0.8529295325279236,-0.9040786623954773,-10.00485610961914,0.1481974869966507,-9.528094291687012,2.1698663234710693,-6.768987655639648,-0.5522080659866333,-6.154486179351807,2.9886224269866943,-7.32498836517334,3.8158938884735107,sleep
sleep_8.wav,0.34995174407958984,0.07250100374221802,2161.1649555539193,2242.9457466002195,4090.5110677083335,0.10468659577546297,-259.7660217285156,96.76205444335938,8.719733238220215,29.428089141845703,23.053804397583008,-5.761277198791504,-15.242210388183594,-15.490355491638184,-14.350831031799316,2.758089065551758,-14.394184112548828,-1.7355257272720337,-10.427303314208984,-1.6430962085723877,-4.783295154571533,-0.2168736308813095,-10.29549789428711,1.5578572750091553,-13.615668296813965,0.4417716860771179,sleep
sleep_80.wav,0.41078516840934753,0.014745129272341728,2248.002494490553,2552.6351996322765,4659.5458984375,0.10159866898148148,-420.4046936035156,99.45453643798828,14.117999076843262,27.551366806030273,28.084096908569336,0.3588103652000427,-10.79678726196289,-4.309108734130859,2.2888917922973633,0.9855651259422302,-2.5459232330322266,1.215646505355835,-6.711343288421631,2.1200592517852783,-5.051514148712158,2.181367874145508,-2.104829788208008,0.9214361906051636,-5.723486423492432,4.699098587036133,sleep
sleep_81.wav,0.4085901379585266,0.06406661123037338,2304.190220215354,2247.9104875081157,4395.963541666667,0.10548231336805555,-321.8424987792969,81.955810546875,17.428295135498047,46.29291534423828,3.8668630123138428,-1.2301081418991089,-14.039460182189941,-2.661773920059204,-8.373133659362793,-4.705842971801758,-6.637453556060791,-1.8283498287200928,-9.46821403503418,-2.808384656906128,-5.764965534210205,-2.075958490371704,-7.880049705505371,3.5948941707611084,-9.242814064025879,1.0885933637619019,sleep
sleep_82.wav,0.3889685869216919,0.052527379244565964,2231.6630347036803,2058.3974446598622,3816.76025390625,0.12377477575231481,-272.84527587890625,96.81592559814453,8.30359935760498,28.09419822692871,17.238990783691406,9.790821075439453,-12.91336727142334,-13.45710277557373,-9.344887733459473,0.4083591401576996,-7.786669731140137,2.397012948989868,-7.558513164520264,-3.465275526046753,-3.528153657913208,0.5563765168190002,-7.584246635437012,5.1736907958984375,-10.986268997192383,4.105671405792236,sleep
sleep_83.wav,0.4985179305076599,0.026695124804973602,2680.974381450615,2334.9003145075008,4825.23193359375,0.1526466652199074,-361.880859375,70.15131378173828,13.88060474395752,43.95868682861328,21.64195442199707,6.360629558563232,-13.288836479187012,-3.9812097549438477,-4.881500244140625,-2.0731475353240967,-8.066475868225098,1.8043482303619385,-7.300686836242676,4.5762104988098145,-3.7702317237854004,2.0871691703796387,-3.598231554031372,4.034467697143555,-5.819589138031006,2.4360437393188477,sleep
sleep_84.wav,0.3654552400112152,0.06794511526823044,2175.410870129399,2079.396400983299,3796.2239583333335,0.10998987268518519,-280.21240234375,92.86599731445312,9.674971580505371,32.87018585205078,15.428589820861816,-1.3864909410476685,-15.583382606506348,-16.81857681274414,-17.742631912231445,1.256321668624878,-12.487409591674805,-1.2555482387542725,-7.282686710357666,-0.502610445022583,-8.427069664001465,-1.044797658920288,-5.9439239501953125,4.847226142883301,-9.846421241760254,1.302137851715088,sleep
sleep_85.wav,0.36785173416137695,0.060895323753356934,2484.76752485779,2285.20054475843,4652.866617838542,0.12286603009259259,-274.72137451171875,71.54835510253906,13.37785816192627,39.54074478149414,10.103438377380371,0.4185621738433838,-18.684864044189453,-2.9619569778442383,-12.436832427978516,-4.791625499725342,-8.845961570739746,-5.488112449645996,-10.334990501403809,-1.4268052577972412,-6.312374114990234,-1.0296086072921753,-9.777199745178223,6.715785503387451,-10.475794792175293,-2.583845853805542,sleep
sleep_86.wav,0.38096895813941956,0.04997162148356438,1675.1115119264853,1913.387188106751,2984.442138671875,0.0709499782986111,-294.752685546875,117.4527359008789,9.996861457824707,38.26343536376953,16.267507553100586,2.457120895385742,-11.106802940368652,-10.429771423339844,-13.725532531738281,-2.0477969646453857,-14.203425407409668,-1.08405601978302,-12.015399932861328,-2.348301410675049,-8.6089448928833,-2.5004358291625977,-7.630100250244141,4.52245569229126,-10.290653228759766,0.06189544126391411,sleep
sleep_87.wav,0.4611039459705353,0.021827470511198044,2216.2872991998875,2396.033431975597,4202.364095052083,0.1112377025462963,-345.9797668457031,99.03961944580078,23.020875930786133,29.083524703979492,17.286540985107422,-5.550188064575195,-15.108404159545898,-3.5015578269958496,-6.051685333251953,-3.4824814796447754,-4.237508773803711,4.5089898109436035,-10.983139991760254,2.9727771282196045,-6.851247787475586,-1.7309112548828125,-6.290096759796143,2.7526915073394775,-11.832454681396484,-1.2345303297042847,sleep
sleep_88.wav,0.4106699526309967,0.05295703932642937,2333.833413833015,2168.760628359748,4065.4886881510415,0.1398292824074074,-313.1576232910156,87.80352020263672,-5.6839776039123535,27.80410385131836,16.71681785583496,-7.684821605682373,-16.812469482421875,-6.5642242431640625,-7.013140678405762,-3.687974691390991,-11.268967628479004,0.5991808772087097,-7.201101779937744,-1.4930610656738281,-2.31258487701416,0.8001741766929626,-2.375901222229004,0.28331512212753296,-6.922185897827148,1.1363688707351685,sleep
sleep_89.wav,0.41827157139778137,0.05527710169553757,2474.9097406906853,2328.005007524024,4498.246256510417,0.11999963831018519,-288.15118408203125,89.73133850097656,17.48912239074707,26.476829528808594,6.503781795501709,-4.656764984130859,-15.871065139770508,1.368626356124878,-8.035801887512207,-7.725979328155518,-2.8598439693450928,3.3713934421539307,-9.778923988342285,-0.9218587279319763,-8.6193265914917,-2.879042625427246,-10.418343544006348,2.089843511581421,-3.5460073947906494,0.48170337080955505,sleep
sleep_9.wav,0.38521429896354675,0.03564921021461487,2103.7968931352507,2155.751617823782,3713.9790852864585,0.11395489728009259,-358.345947265625,102.79301452636719,17.742429733276367,26.46443748474121,13.131083488464355,0.5324891209602356,-7.143779277801514,-3.856527328491211,-6.809874534606934,-1.036202073097229,-8.558610916137695,2.977303981781006,-6.560942649841309,-3.651921510696411,-5.226321220397949,-3.1492154598236084,-6.37980318069458,0.7777608036994934,-9.389033317565918,0.08053640276193619,sleep
sleep_90.wav,0.45182526111602783,0.04644060507416725,2703.70569082019,2268.842980388241,4784.55810546875,0.16202799479166666,-305.26116943359375,70.61481475830078,8.407353401184082,42.983375549316406,15.917692184448242,-3.8327434062957764,-20.416086196899414,0.6473378539085388,-1.8748815059661865,-5.377717018127441,-7.578736305236816,0.96612548828125,-13.59589672088623,0.798715353012085,-4.343613147735596,-4.158309459686279,-4.714062213897705,4.604625701904297,-9.40003776550293,0.6639475226402283,sleep
sleep_91.wav,0.4167030155658722,0.045099519193172455,2495.57158140707,2317.2790479757864,4781.5673828125,0.12868019386574073,-325.7003173828125,78.5081558227539,16.910964965820312,38.54752731323242,23.44507598876953,4.881585597991943,-19.816057205200195,-6.987565040588379,-4.582923412322998,-1.6827646493911743,-9.184635162353516,-0.37784916162490845,-7.688808441162109,2.020050525665283,-4.304164409637451,-2.442800283432007,-5.113980293273926,5.308558940887451,-10.184697151184082,1.8099782466888428,sleep
sleep_92.wav,0.44599977135658264,0.03683840483427048,2652.819051651948,2338.8788495454314,4804.496256510417,0.15221263744212962,-344.4812316894531,73.08695220947266,13.516623497009277,41.09947204589844,21.190889358520508,0.5051888227462769,-12.650108337402344,-3.3547422885894775,-4.014298439025879,0.1540687531232834,-6.974056720733643,0.21912233531475067,-10.457422256469727,0.2170911729335785,-6.831996440887451,-4.366510391235352,-7.382861614227295,4.389869689941406,-9.64854621887207,2.1357243061065674,sleep
sleep_93.wav,0.4008832275867462,0.03372666612267494,2211.643981396992,2210.7409191863167,3902.593994140625,0.11929886429398148,-315.5340576171875,91.07608795166016,21.17707061767578,43.43855285644531,23.722658157348633,-0.20665381848812103,-16.82268714904785,-1.1426299810409546,-6.113765716552734,-1.4777147769927979,-2.198835849761963,1.1504758596420288,-8.207037925720215,0.39025384187698364,-8.98007869720459,-0.42849698662757874,-7.949660778045654,6.079959869384766,-10.689556121826172,1.6844582557678223,sleep
sleep_94.wav,0.36112141609191895,0.04830513149499893,2979.3322414137238,1952.8451128262614,4816.758219401042,0.1975775824652778,-263.4308166503906,62.921775817871094,-15.564281463623047,30.126163482666016,2.7480695247650146,5.017251014709473,-15.682524681091309,-4.170723915100098,-10.760991096496582,-4.856317520141602,-4.308849334716797,-0.49737194180488586,-16.14164924621582,6.499819755554199,-9.064912796020508,-0.516243040561676,-6.227765083312988,-1.380318522453308,-4.395299434661865,1.1272847652435303,sleep
sleep_95.wav,0.40159276127815247,0.045709166675806046,2533.626664515073,2011.5483226635072,4506.819661458333,0.15011031539351852,-319.9598388671875,88.4168930053711,-11.661389350891113,17.48919105529785,-3.528700828552246,6.672356605529785,-4.3674798011779785,-4.867372512817383,-6.718079090118408,-4.836429595947266,-4.699228286743164,7.083944797515869,-16.661245346069336,3.2252488136291504,-4.302553653717041,-2.115302085876465,-5.13523006439209,-1.5400819778442383,-7.698843955993652,1.4567389488220215,sleep
sleep_96.wav,0.3467464745044708,0.04341443255543709,2196.3231962649247,1864.9681500981853,3973.5738118489585,0.12550636574074073,-307.9588623046875,93.51773834228516,-22.978853225708008,40.67155075073242,11.475831031799316,-1.4454396963119507,-16.867191314697266,1.0948545932769775,-9.19826889038086,-14.086616516113281,0.834700345993042,-2.664694309234619,-19.42021369934082,1.2691742181777954,-6.412595272064209,-0.7397027015686035,-7.9154582023620605,-7.522989749908447,-8.033356666564941,1.0826196670532227,sleep
sleep_97.wav,0.31132328510284424,0.050589852035045624,1460.5479329403393,1626.4525115539948,2785.4593912760415,0.06154152199074074,-330.2730407714844,133.96539306640625,-24.595943450927734,21.791025161743164,23.240720748901367,0.7643947601318359,-10.536223411560059,-7.323827743530273,-13.202164649963379,-17.551204681396484,-4.256968021392822,-4.64451789855957,-16.79906463623047,5.076106548309326,-8.743836402893066,-7.611034870147705,0.02153192274272442,-5.522627830505371,-10.971134185791016,1.166549563407898,sleep
sleep_98.wav,0.4052983522415161,0.04796067252755165,2195.451178001826,2211.939627660378,4165.079752604167,0.1147732204861111,-305.9111633300781,95.28850555419922,3.0839855670928955,28.97020149230957,7.972873210906982,-0.7815443873405457,-16.275287628173828,-3.873410940170288,-5.321707725524902,-2.3602535724639893,-8.4281587600708,-0.3527945280075073,-6.842513561248779,-0.6588317155838013,-8.428849220275879,-2.0372259616851807,-6.791101455688477,3.1550135612487793,-8.324779510498047,-0.6385051608085632,sleep
sleep_99.wav,0.3830310106277466,0.07183805853128433,2049.5727892525865,2157.095285502412,3717.767333984375,0.09400770399305555,-235.79432678222656,101.55970764160156,8.531322479248047,35.656036376953125,17.222354888916016,-1.9960858821868896,-16.3633975982666,-8.629383087158203,-10.830101013183594,-3.755967378616333,-13.165131568908691,3.8267502784729004,-10.966304779052734,-0.8477146029472351,-5.154767990112305,0.6132540702819824,-5.992111682891846,3.4304323196411133,-10.853959083557129,3.4594008922576904,sleep
